{
    "best_threshold": 0.1,
    "best_avg_test_accuracy": 0.9930578512396695,
    "all_thresholds_results": {
        "0.1": {
            "avg_test_accuracy": 0.9930578512396695,
            "test_accuracies": [
                0.9925619834710744,
                0.9933884297520661,
                0.9925619834710744,
                0.9933884297520661,
                0.9933884297520661
            ]
        },
        "0.2": {
            "avg_test_accuracy": 0.9897520661157024,
            "test_accuracies": [
                0.9900826446280991,
                0.9884297520661157,
                0.9892561983471074,
                0.9900826446280991,
                0.990909090909091
            ]
        },
        "0.30000000000000004": {
            "avg_test_accuracy": 0.9847933884297522,
            "test_accuracies": [
                0.9826446280991735,
                0.9867768595041322,
                0.9851239669421488,
                0.9851239669421488,
                0.984297520661157
            ]
        },
        "0.4": {
            "avg_test_accuracy": 0.977190082644628,
            "test_accuracies": [
                0.9743801652892562,
                0.9818181818181818,
                0.9768595041322314,
                0.9809917355371901,
                0.971900826446281
            ]
        },
        "0.5": {
            "avg_test_accuracy": 0.9545454545454545,
            "test_accuracies": [
                0.9545454545454546,
                0.9578512396694215,
                0.9487603305785124,
                0.959504132231405,
                0.9520661157024793
            ]
        },
        "0.6": {
            "avg_test_accuracy": 0.9555371900826446,
            "test_accuracies": [
                0.952892561983471,
                0.9644628099173553,
                0.9495867768595041,
                0.9570247933884297,
                0.9537190082644628
            ]
        },
        "0.7000000000000001": {
            "avg_test_accuracy": 0.9479338842975207,
            "test_accuracies": [
                0.9495867768595041,
                0.9487603305785124,
                0.9446280991735537,
                0.9545454545454546,
                0.9421487603305785
            ]
        },
        "0.8": {
            "avg_test_accuracy": 0.9423140495867768,
            "test_accuracies": [
                0.9429752066115702,
                0.9421487603305785,
                0.9413223140495868,
                0.9413223140495868,
                0.943801652892562
            ]
        },
        "0.9": {
            "avg_test_accuracy": 0.9403305785123968,
            "test_accuracies": [
                0.943801652892562,
                0.9396694214876034,
                0.9363636363636364,
                0.943801652892562,
                0.9380165289256198
            ]
        }
    }
}