{
    "best_threshold": 0.13,
    "best_avg_test_accuracy": 0.839787798408488,
    "all_thresholds_results": {
        "0.05": {
            "avg_test_accuracy": 0.8312997347480107,
            "test_accuracies": [
                0.8236074270557029,
                0.8355437665782494,
                0.8342175066312998,
                0.8355437665782494,
                0.8275862068965517
            ]
        },
        "0.060000000000000005": {
            "avg_test_accuracy": 0.8315649867374006,
            "test_accuracies": [
                0.8249336870026526,
                0.8236074270557029,
                0.8421750663129973,
                0.8381962864721485,
                0.8289124668435013
            ]
        },
        "0.07": {
            "avg_test_accuracy": 0.8387267904509284,
            "test_accuracies": [
                0.8408488063660478,
                0.8527851458885941,
                0.8448275862068966,
                0.8169761273209549,
                0.8381962864721485
            ]
        },
        "0.08000000000000002": {
            "avg_test_accuracy": 0.8294429708222812,
            "test_accuracies": [
                0.8262599469496021,
                0.8262599469496021,
                0.8249336870026526,
                0.8129973474801061,
                0.8567639257294429
            ]
        },
        "0.09000000000000001": {
            "avg_test_accuracy": 0.8228116710875332,
            "test_accuracies": [
                0.8143236074270557,
                0.8222811671087533,
                0.8328912466843501,
                0.8037135278514589,
                0.8408488063660478
            ]
        },
        "0.1": {
            "avg_test_accuracy": 0.8307692307692308,
            "test_accuracies": [
                0.8315649867374005,
                0.8275862068965517,
                0.8275862068965517,
                0.8236074270557029,
                0.843501326259947
            ]
        },
        "0.11000000000000001": {
            "avg_test_accuracy": 0.8259946949602123,
            "test_accuracies": [
                0.8368700265251989,
                0.8249336870026526,
                0.8421750663129973,
                0.8023872679045093,
                0.8236074270557029
            ]
        },
        "0.12000000000000001": {
            "avg_test_accuracy": 0.8342175066312997,
            "test_accuracies": [
                0.8355437665782494,
                0.8169761273209549,
                0.8488063660477454,
                0.8355437665782494,
                0.8342175066312998
            ]
        },
        "0.13": {
            "avg_test_accuracy": 0.839787798408488,
            "test_accuracies": [
                0.8275862068965517,
                0.843501326259947,
                0.843501326259947,
                0.8143236074270557,
                0.870026525198939
            ]
        },
        "0.14": {
            "avg_test_accuracy": 0.8228116710875332,
            "test_accuracies": [
                0.8222811671087533,
                0.8222811671087533,
                0.8421750663129973,
                0.8103448275862069,
                0.8169761273209549
            ]
        },
        "0.15000000000000002": {
            "avg_test_accuracy": 0.823342175066313,
            "test_accuracies": [
                0.8209549071618037,
                0.8129973474801061,
                0.8408488063660478,
                0.8076923076923077,
                0.8342175066312998
            ]
        }
    }
}