{
    "best_threshold": 0.11000000000000001,
    "best_avg_test_accuracy": 0.8350132625994695,
    "all_thresholds_results": {
        "0.05": {
            "test_accuracy": 0.83315649867374,
            "f1_score": 0.8308637093296243,
            "homogeneity": 0.8141059242287847,
            "nmi": 0.8181186599402427,
            "ari": 0.7172208226752821
        },
        "0.060000000000000005": {
            "test_accuracy": 0.8201591511936339,
            "f1_score": 0.8161126123801405,
            "homogeneity": 0.8096019053065527,
            "nmi": 0.8145921231620598,
            "ari": 0.7062671719817598
        },
        "0.07": {
            "test_accuracy": 0.8209549071618036,
            "f1_score": 0.8161785833741744,
            "homogeneity": 0.8067399040598993,
            "nmi": 0.8120419746911871,
            "ari": 0.7041854207446072
        },
        "0.08000000000000002": {
            "test_accuracy": 0.8196286472148542,
            "f1_score": 0.8133218716156844,
            "homogeneity": 0.8050171970294876,
            "nmi": 0.8113834367711013,
            "ari": 0.702723960809965
        },
        "0.09000000000000001": {
            "test_accuracy": 0.8225464190981432,
            "f1_score": 0.8170486219640237,
            "homogeneity": 0.8073525852989297,
            "nmi": 0.8132736260411777,
            "ari": 0.7061775795412505
        },
        "0.1": {
            "test_accuracy": 0.8305039787798408,
            "f1_score": 0.8270866334632359,
            "homogeneity": 0.8109318240224498,
            "nmi": 0.8152595877389042,
            "ari": 0.7134363392038657
        },
        "0.11000000000000001": {
            "test_accuracy": 0.8350132625994695,
            "f1_score": 0.8319859130331559,
            "homogeneity": 0.813306898961288,
            "nmi": 0.8177960166511999,
            "ari": 0.7189394486859011
        },
        "0.12000000000000001": {
            "test_accuracy": 0.8302387267904511,
            "f1_score": 0.8268156844863487,
            "homogeneity": 0.8139876810125685,
            "nmi": 0.8186019029155048,
            "ari": 0.7166031583204625
        },
        "0.13": {
            "test_accuracy": 0.8302387267904509,
            "f1_score": 0.8272590056510148,
            "homogeneity": 0.8131702131759772,
            "nmi": 0.8174629120792046,
            "ari": 0.7153237972299523
        },
        "0.14": {
            "test_accuracy": 0.826525198938992,
            "f1_score": 0.8214264516619924,
            "homogeneity": 0.8078577030529314,
            "nmi": 0.8133153042788477,
            "ari": 0.7093959840703302
        },
        "0.15000000000000002": {
            "test_accuracy": 0.8246684350132625,
            "f1_score": 0.821457292727463,
            "homogeneity": 0.8047022605747933,
            "nmi": 0.8089550344816325,
            "ari": 0.7060501268178164
        }
    }
}